alternate_full_precision_repo,architectures,availability_ok,available,card_fetched_utc,card_len,card_sha256,condition,downloads,family,fetch_error,file_formats,gated,gated_blocking,gated_probe_error,hidden_size,last_modified,license,likes,min_load_bytes,missing_reason,num_hidden_layers,org,parameter_count,parameter_count_source,parent_declared_matches_inferred,parent_declared_null_reason,parent_evidence_quote,parent_note,parent_repo_declared,parent_repo_inferred_instruct,primary_weight_files,quantisation,quantisation_verified,repo_id,sha,total_download_size_bytes,usable_for_forward_pass
,['Qwen3ForCausalLM'],True,True,2026-09-19T01:57:09.194373+00:00,2930,579b9d7052fa567f439114f01feceed2b06f47d830d06c8ac829f389fd2e39a4,base,1557776,Qwen3,,"['.json', '.md', '.safetensors', '.txt']",False,False,,2048,2025-07-26 03:50:48+00:00,apache-2.0,79,3452676482,,28,Qwen,1720574976,safetensors_metadata,,not applicable: condition != abliterated,,,,,model.safetensors,none (full precision),none (full precision primary weights),Qwen/Qwen3-1.7B-Base,ea980cb0a6c2ae4b936e82123acc929f1cec04c1,3452692285,True
,['Qwen3ForCausalLM'],True,True,2026-09-19T01:57:09.196088+00:00,13963,257e52c419dac2258852643f18af6c974f21f8c6c1b6f371b6cca6201cf29091,instruct,3756550,Qwen3,,"['.json', '.md', '.safetensors', '.txt']",False,False,,2048,2025-07-26 03:46:32+00:00,apache-2.0,548,4079397629,,28,Qwen,2031739904,safetensors_metadata,,not applicable: condition != abliterated,,,,,model-00001-of-00002.safetensors;model-00002-of-00002.safetensors,none (full precision),none (full precision primary weights),Qwen/Qwen3-1.7B,70d244cc86ccca08cf5af4e1e306ecf908b1ad5e,4079450110,True
,['Qwen3ForCausalLM'],True,True,2026-09-19T01:57:09.181467+00:00,2489,84192e1fd187d7598a534187e6008f4b859c65c31d830de939db809db52e557d,abliterated,626,Qwen3,,"['.json', '.md', '.safetensors', '.txt']",False,False,,2048,2025-05-18 17:25:47+00:00,apache-2.0,15,10339403455,,28,mlabonne,1720574976,safetensors_metadata,True,,Qwen/Qwen3-1.7B,,Qwen/Qwen3-1.7B,Qwen/Qwen3-1.7B,model-00001-of-00002.safetensors;model-00002-of-00002.safetensors;model.safetensors,none (full precision),none (full precision primary weights),mlabonne/Qwen3-1.7B-abliterated,62f9c246cf426703a08183aa883a0d8149984bb0,10339433785,True
,['Qwen2ForCausalLM'],True,True,2026-09-19T01:57:09.203342+00:00,3847,84cc3bdbfd781149913126b70981cf1e341176fe4bc9d878601a83f18b035ddf,base,889521,Qwen2.5,,"['.json', '.md', '.safetensors', '.txt']",False,False,,1536,2024-10-08 10:56:50+00:00,apache-2.0,221,3098955511,,28,Qwen,1543714304,safetensors_metadata,,not applicable: condition != abliterated,,,,,model.safetensors,none (full precision),none (full precision primary weights),Qwen/Qwen2.5-1.5B,8faed761d45a263340a0528343f099c05c9a4323,3098972223,True
,['Qwen2ForCausalLM'],True,True,2026-09-19T01:57:09.212543+00:00,4914,2e1bcd8bd964728a820be709fa0f7b9dd54817a94fd2254c535df70c5e67fada,instruct,7184297,Qwen2.5,,"['.json', '.md', '.safetensors', '.txt']",False,False,,1536,2024-09-25 12:32:50+00:00,apache-2.0,837,3098955668,,28,Qwen,1543714304,safetensors_metadata,,not applicable: condition != abliterated,,,,,model.safetensors,none (full precision),none (full precision primary weights),Qwen/Qwen2.5-1.5B-Instruct,989aa7980e4cf806f80c7fef2b1adb7bc71aa306,3098973447,True
,['Qwen2ForCausalLM'],True,True,2026-09-19T01:57:09.187058+00:00,4558,b967b6358067fe49bb6ee37097eac1742d12b60d7abfe1ab58a572712e6e2ead,abliterated,829,Qwen2.5,,"['.json', '.md', '.safetensors', '.txt']",False,False,,1536,2025-06-27 12:15:12+00:00,apache-2.0,6,3565704857,,28,Goekdeniz-Guelmez,1777088000,safetensors_metadata,False,,base_model: Qwen/Qwen2.5-1.5B,,Qwen/Qwen2.5-1.5B,Qwen/Qwen2.5-1.5B-Instruct,model.safetensors,none (full precision),none (full precision primary weights),Goekdeniz-Guelmez/Josiefied-Qwen2.5-1.5B-Instruct-abliterated-v1,c116e736b78dd85e0951650ab475e32ba41c31bd,3565711080,True
,['LlamaForCausalLM'],True,True,2026-09-19T01:57:09.177509+00:00,41132,7dc455178a8c7c21f9cfe0aef0808a92e78ade6e58e04c18354c668934b929ea,base,902820,Llama-3.2,,"['.json', '.md', '.model', '.pth', '.safetensors', '.txt']",manual,False,,2048,2024-10-24 15:08:03+00:00,llama3.2,2602,2482967076,,16,meta-llama,1235814400,safetensors_metadata,,not applicable: condition != abliterated,,,,,model.safetensors,none (full precision),none (full precision primary weights),meta-llama/Llama-3.2-1B,4e20de362430cd3b72f300e6b0f18e50e7166e08,4954701033,True
,['LlamaForCausalLM'],True,True,2026-09-19T01:57:09.184818+00:00,41635,18564977261167ff9f76d8ee3a94c8d1cc59c0e143ba054f1187744086004a93,instruct,6921311,Llama-3.2,,"['.json', '.md', '.model', '.pth', '.safetensors', '.txt']",manual,False,,2048,2024-10-24 15:07:51+00:00,llama3.2,1681,2482971137,,16,meta-llama,1235814400,safetensors_metadata,,not applicable: condition != abliterated,,,,,model.safetensors,none (full precision),none (full precision primary weights),meta-llama/Llama-3.2-1B-Instruct,9213176726f574b556790deb65791e0c5aa438b6,4954705597,True
,['LlamaForCausalLM'],True,True,2026-09-19T01:57:09.647930+00:00,35771,bff57ef0658d6a3de55267c1907906ee3a4be44689d1996223d359ff021c0626,abliterated,81,Llama-3.2,,"['.json', '.md', '.safetensors']",False,False,,2048,2024-10-01 01:01:02+00:00,llama3.2,1,2480787200,,16,mylesgoose,1235814400,safetensors_metadata,,"base_model not present in the repo's card_data (YAML front-matter) and no huggingface.co/<org>/<repo> URL naming a parent was found near any of ('abliterat', 'uncensor', 'version of', 'finetuned from', 'fine-tuned from', 'derived from', 'based on') in the README body.",,,,meta-llama/Llama-3.2-1B-Instruct,model.safetensors,none (full precision),none (full precision primary weights),mylesgoose/Llama-3.2-1B-Instruct-abliterated,a2ec81748492b3611caca192812e72e3ff342f35,2480830616,True
,['Gemma2ForCausalLM'],True,True,2026-09-19T01:57:09.642078+00:00,25745,8ee47bb6d2af9b4638afbd0683ded6c6bac5e9e01b2b8b4fd1c218182be4d2e9,base,170008,Gemma-2,,"['.json', '.md', '.model', '.safetensors']",manual,False,,2304,2024-08-07 18:25:49+00:00,gemma,701,10479215305,,26,google,2614341888,safetensors_metadata,,not applicable: condition != abliterated,,,,,model-00001-of-00003.safetensors;model-00002-of-00003.safetensors;model-00003-of-00003.safetensors,none (full precision),none (full precision primary weights),google/gemma-2-2b,c5ebcd40d208330abc697524c919956e692655cf,10479266851,True
,['Gemma2ForCausalLM'],True,True,2026-09-19T01:57:09.652182+00:00,29081,bb52a3f239a1e7b24907644c29e51ff3159fcff5488333d75b1056ddfdd74950,instruct,672553,Gemma-2,,"['.json', '.md', '.model', '.safetensors']",manual,False,,2304,2024-08-27 19:41:44+00:00,gemma,1505,5250532505,,26,google,2614341888,safetensors_metadata,,not applicable: condition != abliterated,,,,,model-00001-of-00002.safetensors;model-00002-of-00002.safetensors,none (full precision),none (full precision primary weights),google/gemma-2-2b-it,299a8560bedf22ed1c72a8a11e7dce4a7f9f51f8,5250587389,True
,['Gemma2ForCausalLM'],True,True,2026-09-19T01:57:09.689122+00:00,8391,af33ece2b0b363f78661e654516dba5771822fa2053562655f0e0de8c1a8d21a,abliterated,486,Gemma-2,,"['.json', '.md', '.model', '.safetensors']",False,False,,2304,2024-07-31 18:26:44+00:00,gemma,56,5250532540,,26,IlyaGusev,2614341888,safetensors_metadata,True,,[Abliterated](https://huggingface.co/blog/mlabonne/abliteration) version of [google/gemma-2-2b-it](https://huggingface.co/google/gemma-2-2b-it).,,google/gemma-2-2b-it,google/gemma-2-2b-it,model-00001-of-00002.safetensors;model-00002-of-00002.safetensors,none (full precision),none (full precision primary weights),IlyaGusev/gemma-2-2b-it-abliterated,b7f67f3bcbbcbf275f158bff124cb7f0c448e9d6,5250566914,True
,['Gemma3ForCausalLM'],True,True,2026-09-19T01:57:09.746801+00:00,23490,1a07e8c0d17528f69c487b2f84abcdd9144ab959335417cd00bf9930f2598fdd,base,75752,Gemma-3,,"['.json', '.md', '.model', '.safetensors']",manual,False,,1152,2025-03-21 16:14:00+00:00,gemma,202,2039041958,,26,google,999885952,safetensors_metadata,,not applicable: condition != abliterated,,,,,model.safetensors,none (full precision),none (full precision primary weights),google/gemma-3-1b-pt,fcf18a2a879aab110ca39f8bffbccd5d49d8eb29,2039067218,True
,['Gemma3ForCausalLM'],True,True,2026-09-19T01:57:09.768201+00:00,24259,60be259533fe3acba21d109a51673815a4c29aefdb7769862695086fcedbeb7a,instruct,3018334,Gemma-3,,"['.json', '.md', '.model', '.safetensors']",manual,False,,1152,2025-04-04 13:12:40+00:00,gemma,1164,2039043625,,26,google,999885952,safetensors_metadata,,not applicable: condition != abliterated,,,,,model.safetensors,none (full precision),none (full precision primary weights),google/gemma-3-1b-it,dcc83ea841ab6100d6b47a070329e1ba4cf78752,2039069601,True
,['Gemma3ForCausalLM'],True,True,2026-09-19T01:57:09.766709+00:00,4738,2ea013cb777a2e8a304905edc37cc40057142e9bd2a2b85b2e421762e85e1dc3,abliterated,1315,Gemma-3,,"['.jinja', '.json', '.md', '.model', '.safetensors']",False,False,,1152,2025-11-21 01:59:27+00:00,,47,2039094541,,26,DavidAU,999885952,safetensors_metadata,True,,google/gemma-3-1b-it,,google/gemma-3-1b-it,google/gemma-3-1b-it,model.safetensors,none (full precision),none (full precision primary weights),DavidAU/gemma-3-1b-it-heretic-extreme-uncensored-abliterated,5a2a35d933daecb71f5f71ab0b4661b60e73ccd3,2039102466,True
,['LlamaForCausalLM'],True,True,2026-09-19T01:57:09.690527+00:00,7193,83c5404c1162e01c59e08fec9e8233b357ecf0ca3249e78f4b1ee13c5b3c320c,base,247330,SmolLM2,,"['.json', '.md', '.safetensors', '.txt']",False,False,,2048,2025-02-06 10:31:23+00:00,apache-2.0,160,3426154796,,24,HuggingFaceTB,1711376384,safetensors_metadata,,not applicable: condition != abliterated,,,,,model.safetensors,none (full precision),none (full precision primary weights),HuggingFaceTB/SmolLM2-1.7B,effd688a12921b4cc83e3312b6feb579f70f9c71,3426163516,True
,['LlamaForCausalLM'],True,True,2026-09-19T01:57:10.108812+00:00,14916,b00c0570dbc43674a0028d088fc72f40d83eea90f47cd987706ca2f95ed114c0,instruct,254992,SmolLM2,,"['.0', '.1', '.bin', '.json', '.md', '.onnx', '.onnx_data', '.safetensors', '.txt']",False,False,,2048,2025-04-21 20:51:14+00:00,apache-2.0,756,3426155020,,24,HuggingFaceTB,1711376384,safetensors_metadata,,not applicable: condition != abliterated,,,,,model.safetensors,none (full precision),none (full precision primary weights),HuggingFaceTB/SmolLM2-1.7B-Instruct,31b70e2e869a7173562077fd711b654946d38674,22672484308,True
,['LlamaForCausalLM'],True,True,2026-09-19T01:57:10.109819+00:00,5171,0336368f8274a5ed09f54cee8d56a851ecee96026d9f391a6735762c16608a60,abliterated,18,SmolLM2,,"['.json', '.md', '.safetensors', '.txt']",False,False,,2048,2025-01-24 00:48:10+00:00,,0,1819773469,,24,venkycs,1712015360,safetensors_metadata,,"base_model not present in the repo's card_data (YAML front-matter) and no huggingface.co/<org>/<repo> URL naming a parent was found near any of ('abliterat', 'uncensor', 'version of', 'finetuned from', 'fine-tuned from', 'derived from', 'based on') in the README body.",,,,HuggingFaceTB/SmolLM2-1.7B-Instruct,model.safetensors,none (full precision),none (full precision primary weights),venkycs/SmolLM2-1.7B-Instruct-Abliterated,6af7e5de7b23b924b312d9d3e88f233be31b17d0,1819780162,True
,['LlamaForCausalLM'],True,True,2026-09-19T01:57:10.144720+00:00,6159,80e71fd7f30eab54702bda974219037b482c4916d76ebba3c708f4759c45be38,base,8522,Falcon3,,"['.json', '.md', '.safetensors']",False,False,,2048,2025-03-10 04:53:37+00:00,other,31,3348981357,,18,tiiuae,1669408768,safetensors_metadata,,not applicable: condition != abliterated,,,,,model.safetensors,none (full precision),none (full precision primary weights),tiiuae/Falcon3-1B-Base,cb37ef3559b157b5c9d9226296ba01a5162da1f7,3348989039,True
,['LlamaForCausalLM'],True,True,2026-09-19T01:57:10.206258+00:00,7454,f8e4380e06067d1d0c6c8f1b048728398f280b9cf9a37c129fec47e38c09232d,instruct,8610,Falcon3,,"['.json', '.md', '.safetensors']",False,False,,2048,2025-01-10 06:58:42+00:00,other,46,3348983604,,18,tiiuae,1669408768,safetensors_metadata,,not applicable: condition != abliterated,,,,,model.safetensors,none (full precision),none (full precision primary weights),tiiuae/Falcon3-1B-Instruct,28ba2251970a01dd1edc7ba7dad2eb71216ccfdf,3348992577,True
,['LlamaForCausalLM'],True,True,2026-09-19T01:57:10.015873+00:00,3762,0f9fa489a1b0800f644bc3c61236769662603eddf82552193ab048f2455584dd,abliterated,138,Falcon3,,"['.gguf', '.md']",False,False,,2048,2024-12-22 22:18:07+00:00,other,0,,,18,mradermacher,1669408768,inherited_from_instruct_same_family:tiiuae/Falcon3-1B-Instruct,False,,base_model: huihui-ai/Falcon3-1B-Instruct-abliterated,"the full-precision huihui-ai abliteration this GGUF was quantised from has since been DELETED from the Hub (verified 404), so this mirror is the only surviving artifact of that edit",huihui-ai/Falcon3-1B-Instruct-abliterated,tiiuae/Falcon3-1B-Instruct,,GGUF,quantised (GGUF only - no transformers-loadable weights in this repo),mradermacher/Falcon3-1B-Instruct-abliterated-GGUF,a1def4e8804314152d1aa56677c7fbca6cb2ff6d,15319878616,False
,['Lfm2ForCausalLM'],True,True,2026-09-19T01:57:10.229335+00:00,8490,f77164a1089860516deb642b95b80ff90a256429f331a6aa62a82d10a7b6c217,base,20828,LFM2,,"['.jinja', '.json', '.md', '.safetensors']",False,False,,2048,2026-08-24 18:35:06+00:00,other,150,2345524622,,16,LiquidAI,1170340608,safetensors_metadata,,not applicable: condition != abliterated,,,,,model.safetensors,none (full precision),none (full precision primary weights),LiquidAI/LFM2.5-1.2B-Base,7453bca97ca1e67754c4035a4b4c584e1c9dd725,2345546543,True
,['Lfm2ForCausalLM'],True,True,2026-09-19T01:57:10.250686+00:00,16256,682de876c2d172eaeffff775ad8422b5fd7ada701543916e62129e3be8eab077,instruct,233044,LFM2,,"['.jinja', '.json', '.md', '.safetensors', '.yaml']",False,False,,2048,2026-08-24 21:06:29+00:00,other,671,2345525340,,16,LiquidAI,1170340608,safetensors_metadata,,not applicable: condition != abliterated,,,,,model.safetensors,none (full precision),none (full precision primary weights),LiquidAI/LFM2.5-1.2B-Instruct,0f604ada3f766f9f257460c4c9f0b5d6f69d431b,2345559487,True
,['Lfm2ForCausalLM'],True,True,2026-09-19T01:57:10.261546+00:00,8684,d84fb7f2b895de2d228c9b72ebdd00d8369a9dd900a91e76b1f8bb2d5000c66d,abliterated,213,LFM2,,"['.jinja', '.json', '.md', '.safetensors']",False,False,,2048,2026-01-25 11:47:13+00:00,other,17,2345525308,,16,huihui-ai,1170340608,safetensors_metadata,True,,base_model: LiquidAI/LFM2.5-1.2B-Instruct,,LiquidAI/LFM2.5-1.2B-Instruct,LiquidAI/LFM2.5-1.2B-Instruct,model.safetensors,none (full precision),none (full precision primary weights),huihui-ai/Huihui-LFM2.5-1.2B-Instruct-abliterated,f76bd329399236de76a1b524e0ea20c82d57c534,2345547896,True
,['GraniteForCausalLM'],True,True,2026-09-19T01:57:10.487019+00:00,10711,ee35f25d2d435630af5bd2a71a5ed39b8821187b94eaea083e968f6c4777d236,base,2484,Granite-3.x,,"['.json', '.md', '.safetensors']",False,False,,2048,2024-12-19 19:25:16+00:00,apache-2.0,25,10136207042,,40,ibm-granite,2533525504,safetensors_metadata,,not applicable: condition != abliterated,,,,,model-00001-of-00003.safetensors;model-00002-of-00003.safetensors;model-00003-of-00003.safetensors,none (full precision),none (full precision primary weights),ibm-granite/granite-3.0-2b-base,a8462c21f5e1f27be4536dc36d6cc789da23fbd6,10136249127,True
,['GraniteForCausalLM'],True,True,2026-09-19T01:57:10.588525+00:00,11454,868bde31a3e10e10c406fb88ed31d4e6a1f1e5d3398dd17621801936946434ed,instruct,5589,Granite-3.x,,"['.json', '.md', '.safetensors', '.txt']",False,False,,2048,2024-12-19 19:45:46+00:00,apache-2.0,48,5273145900,,40,ibm-granite,2634201088,safetensors_metadata,,not applicable: condition != abliterated,,,,,model-00001-of-00002.safetensors;model-00002-of-00002.safetensors,none (full precision),none (full precision primary weights),ibm-granite/granite-3.0-2b-instruct,5ad66c190631382717bd92d7b052adb1a7b669e7,5273188871,True
,['GraniteForCausalLM'],True,True,2026-09-19T01:57:10.427333+00:00,3770,8b048aad0b8c288fc541ad37440184949e6ee3b9a254da38203d97b2658d34c3,abliterated,182,Granite-3.x,,"['.gguf', '.md']",False,False,,2048,2024-12-21 11:09:25+00:00,apache-2.0,0,,,40,mradermacher,2634201088,inherited_from_instruct_same_family:ibm-granite/granite-3.0-2b-instruct,False,,base_model: huihui-ai/granite-3.1-2b-instruct-abliterated,"the full-precision huihui-ai abliteration this GGUF was quantised from has since been DELETED from the Hub (verified 404), so this mirror is the only surviving artifact of that edit",huihui-ai/granite-3.1-2b-instruct-abliterated,ibm-granite/granite-3.0-2b-instruct,,GGUF,quantised (GGUF only - no transformers-loadable weights in this repo),mradermacher/granite-3.1-2b-instruct-abliterated-GGUF,0470e2bb13d16bc8d11fe8f1397d33b4954a9f2c,22530449552,False
,['LlamaForCausalLM'],True,True,2026-09-19T01:57:10.624757+00:00,7110,0276c9ceb258798ccf71a26ad67ff2de8f5cb6d9305ebcf357d346ac52b125ac,base,45116,TinyLlama,,"['.bin', '.json', '.md', '.model', '.png']",False,False,,2048,2024-06-07 01:23:32+00:00,apache-2.0,118,4402606871,,22,TinyLlama,,,,not applicable: condition != abliterated,,,,,pytorch_model.bin,none (full precision),none (full precision primary weights),TinyLlama/TinyLlama_v1.1,ff3c701f2424c7625fdefb9dd470f45ef18b02d6,4403028990,True
,['LlamaForCausalLM'],True,True,2026-09-19T01:57:10.694849+00:00,3187,6f620f661ce3f8425b49301b64a642aa7451ce9fbd3b8115e899de59147121c8,instruct,1468835,TinyLlama,,"['.json', '.md', '.model', '.safetensors']",False,False,,2048,2024-03-17 05:07:08+00:00,apache-2.0,1801,2202464926,,22,TinyLlama,1100048384,safetensors_metadata,,not applicable: condition != abliterated,,,,,model.safetensors,none (full precision),none (full precision primary weights),TinyLlama/TinyLlama-1.1B-Chat-v1.0,fe8a4ea1ffedaf415f4da2f062534de366a451e6,2202470207,True
"{'repo_id': 'FaceWest/abliterated-TinyLlama-1.1B', 'sha': '039a9a16', 'weights': 'model-0000{1,2}-of-00002.safetensors (2.2 GB)', 'caveat': ""the only transformers-loadable TinyLlama abliteration still on the Hub, but it has ~7 downloads and NO model card at all; the registry's primary row uses the GGUF mirror because card_text is load-bearing for the name-and-card regex baseline. Use this repo only if the experiment needs TinyLlama forward passes, and record the missing card as a coverage gap for that baseline."", 'verified_utc': '2026-09-19T01:57:11.027839+00:00'}",['LlamaForCausalLM'],True,True,2026-09-19T01:57:10.544912+00:00,3896,8deb8ce22640fa020aba5b781bd5398eb4baa2eac3eb192d7cefdc6fd59dd063,abliterated,185,TinyLlama,,"['.gguf', '.md']",False,False,,2048,2026-03-27 12:29:02+00:00,,0,,,22,mradermacher,1100048384,inherited_from_instruct_same_family:TinyLlama/TinyLlama-1.1B-Chat-v1.0,False,,base_model: FaceWest/abliterated-TinyLlama-1.1B,"the full-precision huihui-ai abliteration this GGUF was quantised from has since been DELETED from the Hub (verified 404), so this mirror is the only surviving artifact of that edit",FaceWest/abliterated-TinyLlama-1.1B,TinyLlama/TinyLlama-1.1B-Chat-v1.0,,GGUF,quantised (GGUF only - no transformers-loadable weights in this repo),mradermacher/abliterated-TinyLlama-1.1B-GGUF,71330f5b668fe795a0c963b718afe066bb0fa887,9811226530,False
,['StableLmForCausalLM'],True,True,2026-09-19T01:57:10.736754+00:00,7340,a4cf28d1e57970c023559c2e48b8d73628c1acf96d245c4579f3a9209c16efa3,base,9025,StableLM-2,,"['.json', '.md', '.py', '.safetensors', '.txt']",False,False,,2048,2024-07-10 11:59:18+00:00,other,196,3296240373,,24,stabilityai,1644515328,safetensors_metadata,,not applicable: condition != abliterated,,,,,model.safetensors,none (full precision),none (full precision primary weights),stabilityai/stablelm-2-1_6b,f499ead74c53749bd93cebc6ce8bc0d7bdf1eaef,3296333272,True
,['StableLmForCausalLM'],True,True,2026-09-19T01:57:10.735785+00:00,7836,55f2f0f4b1f16aab05c0c03633f6483d0b3f9542a8acd9c1d3fced5a2fdf71ce,instruct,10179,StableLM-2,,"['.bin', '.gguf', '.json', '.md', '.py', '.safetensors', '.txt', '.xml']",False,False,,2048,2024-06-03 15:16:39+00:00,other,187,3296240545,,24,stabilityai,1644515328,safetensors_metadata,,not applicable: condition != abliterated,,,,,model.safetensors,bnb-4bit (repo also ships separate GGUF copies),none (full precision primary weights),stabilityai/stablelm-2-zephyr-1_6b,2f275b1127d59fc31e4f7c7426d528768ada9ea4,12635973693,True
,,False,False,,0,,abliterated,,StableLM-2,,[],,,,,,,,,"No community abliterated/uncensored/amoral/Josiefied/NoWarning derivative of stabilityai/stablelm-2-zephyr-1_6b (or -1_6b) was found via HF Hub model search (queries: 'stablelm-2-zephyr-1_6b abliterated', 'stablelm-2-1_6b abliterated') as of build time.",,,,,,"No community abliterated/uncensored/amoral/Josiefied/NoWarning derivative of stabilityai/stablelm-2-zephyr-1_6b (or -1_6b) was found via HF Hub model search (queries: 'stablelm-2-zephyr-1_6b abliterated', 'stablelm-2-1_6b abliterated') as of build time.",,,,,,,,,,,False
,['Olmo2ForCausalLM'],True,True,2026-09-19T01:57:10.903363+00:00,12889,8e09b3ce741d945b340e51530dd95f49c646a210d0342b1a831a19e36928758b,base,796629,OLMo-2,,"['.json', '.md', '.safetensors', '.txt']",False,False,,2048,2025-05-28 20:35:45+00:00,apache-2.0,81,5949357645,,16,allenai,1484916736,safetensors_metadata,,not applicable: condition != abliterated,,,,,model-00001-of-00002.safetensors;model-00002-of-00002.safetensors,none (full precision),none (full precision primary weights),allenai/OLMo-2-0425-1B,a1847dff35000b4271fa70afc5db10fd29fedbdf,5949386929,True
,['Olmo2ForCausalLM'],True,True,2026-09-19T01:57:10.960563+00:00,6157,5f5b891d66a46079920172f8d5957ec386825f76cfc14ae2e79c7208d4dca4d8,instruct,76989,OLMo-2,,"['.json', '.md', '.safetensors', '.txt']",False,False,,2048,2025-04-30 22:32:46+00:00,apache-2.0,58,2979525314,,16,allenai,1484916736,safetensors_metadata,,not applicable: condition != abliterated,,,,,model.safetensors,none (full precision),none (full precision primary weights),allenai/OLMo-2-0425-1B-Instruct,48d788eca847d4d7548f375ad03d3c9312f6139e,2979532994,True
,,False,False,,0,,abliterated,,OLMo-2,,[],,,,,,,,,No community abliterated/uncensored derivative of allenai/OLMo-2-0425-1B-Instruct was found via HF Hub model search (query: 'OLMo-2-0425-1B abliterated') as of build time.,,,,,,No community abliterated/uncensored derivative of allenai/OLMo-2-0425-1B-Instruct was found via HF Hub model search (query: 'OLMo-2-0425-1B abliterated') as of build time.,,,,,,,,,,,False
,,False,False,,0,,base,,EXAONE-3.5,,[],,,,,,,,,LG AI Research has not publicly released a non-instruct pretrained base checkpoint for EXAONE-3.5-2.4B on the HF Hub; only LGAI-EXAONE/EXAONE-3.5-2.4B-Instruct (and its AWQ/GGUF re-exports) are published.,,,,,,not applicable: row unavailable and condition != abliterated,,,,,,,,,,,False
,['ExaoneForCausalLM'],True,True,2026-09-19T01:57:11.027354+00:00,7481,2ec2f8c8e50890fa835d30be2b397c187963c2fbad69c9c48e57ebd12cca4d05,instruct,64296,EXAONE-3.5,,"['.json', '.md', '.png', '.py', '.safetensors', '.txt']",False,False,,2560,2026-02-06 06:14:59+00:00,other,193,9629524046,,30,LGAI-EXAONE,2405327360,safetensors_metadata,,not applicable: condition != abliterated,,,,,model-00001-of-00002.safetensors;model-00002-of-00002.safetensors,none (full precision),none (full precision primary weights),LGAI-EXAONE/EXAONE-3.5-2.4B-Instruct,ccce25bd39c141fe053e0bc75818a8f5fe962802,9629853465,True
,['ExaoneForCausalLM'],True,True,2026-09-19T01:57:10.903962+00:00,3845,840bd4a7aa608e74d29fc3b3e128a65ee50342d33d9d457f354c746e0a3c3619,abliterated,570,EXAONE-3.5,,"['.gguf', '.md']",False,False,,2560,2024-12-17 07:00:07+00:00,other,3,,,30,mradermacher,2405327360,inherited_from_instruct_same_family:LGAI-EXAONE/EXAONE-3.5-2.4B-Instruct,False,,base_model: huihui-ai/EXAONE-3.5-2.4B-Instruct-abliterated,"the full-precision huihui-ai abliteration this GGUF was quantised from has since been DELETED from the Hub (verified 404), so this mirror is the only surviving artifact of that edit",huihui-ai/EXAONE-3.5-2.4B-Instruct-abliterated,LGAI-EXAONE/EXAONE-3.5-2.4B-Instruct,,GGUF,quantised (GGUF only - no transformers-loadable weights in this repo),mradermacher/EXAONE-3.5-2.4B-Instruct-abliterated-GGUF,1d50ef3e8534394f85a0593af8a7957f29dd7830,24064670994,False
